scenario,trial,start,hospital,distance_time_s,distance_distance_m,distance_reroutes,distance_signal_stops,distance_signal_wait_s,traffic_time_s,traffic_distance_m,traffic_reroutes,traffic_signal_stops,traffic_signal_wait_s,smart_time_s,smart_distance_m,smart_reroutes,smart_signal_stops,smart_signal_wait_s,traffic_saved_s,traffic_saved_pct,smart_saved_s,smart_saved_pct
Light,0,"(9, 3)","(10, 1)",56.47,600.0,0,1,13.38,56.47,600.0,0,1,13.38,56.47,600.0,0,1,13.38,0.0,0.0,0.0,0.0
Light,1,"(5, 3)","(10, 1)",136.18,1400.0,0,2,21.33,106.18,1400.0,0,2,15.6,106.18,1800.0,0,1,6.64,30.0,22.03,30.0,22.03
Light,2,"(10, 3)","(11, 5)",38.3,600.0,0,1,1.92,38.3,600.0,0,1,1.92,38.3,600.0,0,1,1.92,0.0,0.0,0.0,0.0
Light,3,"(8, 4)","(11, 5)",72.36,800.0,0,1,8.53,57.73,800.0,0,0,0.0,57.73,800.0,0,0,0.0,14.63,20.22,14.63,20.22
Light,4,"(1, 1)","(1, 6)",79.87,1000.0,0,1,5.17,79.87,1000.0,0,1,5.17,79.87,1000.0,0,1,5.17,0.0,0.0,0.0,0.0
Light,5,"(11, 8)","(10, 10)",36.85,600.0,0,0,0.0,36.85,600.0,0,0,0.0,36.85,600.0,0,0,0.0,0.0,0.0,0.0,0.0
Light,6,"(9, 1)","(10, 1)",15.91,200.0,0,1,5.21,15.91,200.0,0,1,5.21,15.91,200.0,0,1,5.21,0.0,0.0,0.0,0.0
Light,7,"(9, 5)","(11, 5)",42.22,400.0,0,1,10.22,42.22,400.0,0,1,10.22,42.22,400.0,0,1,10.22,0.0,0.0,0.0,0.0
Light,9,"(10, 0)","(10, 1)",16.34,200.0,0,0,0.0,16.34,200.0,0,0,0.0,16.34,200.0,0,0,0.0,0.0,0.0,0.0,0.0
Light,10,"(6, 0)","(10, 1)",75.99,1000.0,0,2,3.0,75.99,1000.0,0,3,13.65,75.99,1000.0,0,2,3.0,0.0,0.0,0.0,0.0
Light,11,"(2, 2)","(1, 6)",85.47,1000.0,0,0,0.0,78.22,1000.0,0,0,0.0,78.22,1000.0,0,0,0.0,7.25,8.48,7.25,8.48
Light,12,"(9, 4)","(11, 5)",72.3,600.0,0,2,19.87,56.99,600.0,0,1,9.83,72.3,600.0,0,2,19.87,15.31,21.18,0.0,0.0
Light,13,"(4, 9)","(1, 6)",90.42,1200.0,0,0,0.0,86.04,1200.0,0,2,22.83,68.66,1200.0,0,0,0.0,4.38,4.84,21.76,24.07
Light,14,"(6, 6)","(11, 5)",102.48,1200.0,0,1,14.38,102.48,1200.0,0,1,14.38,92.16,1200.0,0,0,0.0,0.0,0.0,10.32,10.07
Light,15,"(5, 4)","(10, 1)",165.93,1600.0,0,4,41.09,105.93,1600.0,0,2,16.56,105.93,1600.0,1,2,16.56,60.0,36.16,60.0,36.16
Light,16,"(1, 1)","(1, 6)",79.0,1000.0,0,1,5.17,79.0,1000.0,0,1,5.17,79.0,1000.0,0,1,5.17,0.0,0.0,0.0,0.0
Light,17,"(10, 7)","(11, 5)",37.72,600.0,0,0,0.0,37.72,600.0,0,0,0.0,37.72,600.0,0,0,0.0,0.0,0.0,0.0,0.0
Light,18,"(10, 3)","(11, 5)",39.01,600.0,0,1,1.92,39.01,600.0,0,1,1.92,39.01,600.0,0,1,1.92,0.0,0.0,0.0,0.0
Light,19,"(3, 3)","(1, 6)",78.74,1000.0,0,0,0.0,78.74,1000.0,0,0,0.0,78.74,1000.0,0,0,0.0,0.0,0.0,0.0,0.0
Light,20,"(1, 11)","(1, 6)",86.07,1000.0,0,2,6.79,86.07,1000.0,0,2,6.79,86.07,1000.0,0,2,6.79,0.0,0.0,0.0,0.0
Light,21,"(8, 4)","(11, 5)",73.1,800.0,0,1,8.8,58.16,800.0,0,0,0.0,58.16,800.0,0,0,0.0,14.94,20.44,14.94,20.44
Light,22,"(0, 9)","(1, 6)",78.53,800.0,0,2,15.25,58.36,800.0,0,0,0.0,58.36,800.0,0,0,0.0,20.17,25.68,20.17,25.68
Light,23,"(5, 4)","(10, 1)",166.03,1600.0,0,4,40.89,106.03,1600.0,0,2,16.32,106.03,1600.0,2,2,16.32,60.0,36.14,60.0,36.14
Light,24,"(8, 1)","(10, 1)",46.05,400.0,0,2,25.31,46.05,400.0,0,2,25.31,46.05,400.0,0,2,25.31,0.0,0.0,0.0,0.0
Light,25,"(9, 1)","(10, 1)",16.05,200.0,0,1,5.21,16.05,200.0,0,1,5.21,16.05,200.0,0,1,5.21,0.0,0.0,0.0,0.0
Light,26,"(4, 4)","(1, 6)",102.72,1000.0,0,2,10.43,91.43,1000.0,0,1,7.53,91.43,1000.0,0,1,7.53,11.29,10.99,11.29,10.99
Light,27,"(5, 11)","(10, 10)",114.18,1200.0,0,1,12.25,92.08,1200.0,0,1,6.83,92.08,1200.0,0,1,6.83,22.1,19.36,22.1,19.36
Light,28,"(6, 6)","(11, 5)",103.2,1200.0,0,2,14.9,103.2,1200.0,0,2,14.9,92.36,1200.0,0,0,0.0,0.0,0.0,10.84,10.5
Light,29,"(8, 11)","(10, 10)",46.99,600.0,0,0,0.0,37.71,600.0,0,0,0.0,37.71,600.0,0,0,0.0,9.28,19.75,9.28,19.75
Light,30,"(11, 0)","(10, 1)",38.49,400.0,0,1,6.84,33.81,400.0,0,1,6.84,33.81,400.0,0,1,6.84,4.68,12.16,4.68,12.16
Light,31,"(4, 4)","(1, 6)",132.55,1000.0,0,2,18.36,91.06,1000.0,0,1,7.45,91.06,1000.0,0,1,7.45,41.49,31.3,41.49,31.3
Light,32,"(4, 11)","(1, 6)",116.32,1600.0,0,1,1.3,96.94,1600.0,0,1,12.71,96.94,1600.0,0,1,12.71,19.38,16.66,19.38,16.66
Light,34,"(4, 5)","(1, 6)",79.22,800.0,0,0,0.0,73.2,800.0,0,0,0.0,73.2,800.0,0,0,0.0,6.02,7.6,6.02,7.6
Light,35,"(5, 7)","(1, 6)",93.89,1000.0,0,2,20.62,93.89,1000.0,0,2,20.62,93.89,1000.0,0,2,20.62,0.0,0.0,0.0,0.0
Light,36,"(2, 3)","(1, 6)",72.63,800.0,0,1,9.39,72.63,800.0,0,1,9.39,67.49,800.0,0,0,0.0,0.0,0.0,5.14,7.08
Light,38,"(8, 2)","(10, 1)",46.27,600.0,0,3,14.89,46.27,600.0,0,3,14.89,43.5,600.0,0,1,1.24,0.0,0.0,2.77,5.99
Light,39,"(3, 11)","(1, 6)",116.44,1400.0,0,2,16.3,97.06,1400.0,0,1,11.91,97.06,1400.0,1,1,11.91,19.38,16.64,19.38,16.64
Light,40,"(6, 9)","(10, 10)",83.55,1000.0,0,2,10.67,83.55,1000.0,0,2,20.8,82.75,1000.0,0,1,14.87,0.0,0.0,0.8,0.96
Light,41,"(11, 3)","(10, 1)",65.41,600.0,0,1,12.67,48.5,600.0,0,1,10.33,48.5,600.0,0,1,10.33,16.91,25.85,16.91,25.85
Light,42,"(1, 11)","(1, 6)",86.55,1000.0,0,2,6.99,86.55,1000.0,0,2,6.99,86.55,1000.0,0,2,6.99,0.0,0.0,0.0,0.0
Light,43,"(7, 6)","(11, 5)",103.15,1000.0,0,2,18.73,73.15,1000.0,0,1,2.98,73.15,1000.0,0,1,2.98,30.0,29.08,30.0,29.08
Light,44,"(1, 2)","(1, 6)",72.24,800.0,0,1,9.01,72.24,800.0,0,1,9.01,72.24,800.0,0,1,9.01,0.0,0.0,0.0,0.0
Light,45,"(9, 2)","(10, 1)",28.02,400.0,0,0,0.0,28.02,400.0,0,0,0.0,28.02,400.0,0,0,0.0,0.0,0.0,0.0,0.0
Light,46,"(5, 2)","(10, 1)",106.32,1200.0,0,2,13.77,106.32,1200.0,0,3,15.81,103.86,1200.0,0,1,2.16,0.0,0.0,2.46,2.31
Light,48,"(4, 7)","(1, 6)",64.34,800.0,0,1,10.76,64.34,800.0,0,1,10.76,64.34,800.0,0,1,10.76,0.0,0.0,0.0,0.0
Light,49,"(3, 5)","(1, 6)",57.1,600.0,0,0,0.0,51.8,600.0,0,0,0.0,51.8,600.0,0,0,0.0,5.3,9.28,5.3,9.28
Light,50,"(8, 2)","(10, 1)",46.26,600.0,0,3,14.79,46.26,600.0,0,3,14.79,43.73,600.0,0,1,1.24,0.0,0.0,2.53,5.47
Light,51,"(1, 8)","(1, 6)",26.56,400.0,0,1,0.33,26.56,400.0,0,1,0.33,26.56,400.0,0,1,0.33,0.0,0.0,0.0,0.0
Light,52,"(2, 4)","(1, 6)",72.0,600.0,0,2,16.03,61.92,600.0,0,1,9.91,61.92,600.0,0,1,9.91,10.08,14.0,10.08,14.0
Light,53,"(0, 1)","(1, 6)",94.19,1200.0,0,0,0.0,101.99,1200.0,0,1,11.9,94.19,1200.0,0,0,0.0,-7.8,-8.28,0.0,0.0
Light,54,"(9, 5)","(11, 5)",44.04,400.0,0,1,10.22,44.04,400.0,0,1,10.22,44.04,400.0,0,1,10.22,0.0,0.0,0.0,0.0
Light,55,"(7, 11)","(10, 10)",76.13,800.0,0,2,12.71,61.76,800.0,0,2,14.85,59.29,800.0,0,1,2.25,14.37,18.88,16.84,22.12
Light,56,"(8, 5)","(11, 5)",44.03,600.0,0,1,0.18,44.03,600.0,0,1,0.18,44.03,600.0,0,1,0.18,0.0,0.0,0.0,0.0
Light,57,"(9, 4)","(11, 5)",74.05,600.0,0,2,20.07,59.52,600.0,0,1,9.83,74.05,600.0,0,2,20.07,14.53,19.62,0.0,0.0
Light,58,"(5, 6)","(1, 6)",93.25,800.0,0,1,14.97,93.25,800.0,0,1,14.97,93.25,800.0,0,1,14.97,0.0,0.0,0.0,0.0
Light,59,"(6, 9)","(10, 10)",84.56,1000.0,0,2,10.3,84.56,1000.0,0,2,20.81,82.78,1000.0,0,1,14.82,0.0,0.0,1.78,2.11
Light,60,"(1, 8)","(1, 6)",26.79,400.0,0,1,0.32,26.79,400.0,0,1,0.32,26.79,400.0,0,1,0.32,0.0,0.0,0.0,0.0
Light,61,"(1, 4)","(1, 6)",42.24,400.0,0,1,0.88,42.24,400.0,0,1,0.88,42.24,400.0,0,1,0.88,0.0,0.0,0.0,0.0
Light,62,"(8, 0)","(10, 1)",46.45,600.0,0,2,15.73,46.45,600.0,0,2,15.73,46.45,600.0,0,2,15.73,0.0,0.0,0.0,0.0
Light,63,"(5, 7)","(1, 6)",94.59,1000.0,0,2,20.77,94.59,1000.0,0,2,20.77,99.72,1000.0,0,1,9.11,0.0,0.0,-5.13,-5.42
Light,64,"(6, 9)","(10, 10)",84.24,1000.0,0,2,10.42,84.24,1000.0,0,2,20.78,82.84,1000.0,0,1,14.67,0.0,0.0,1.4,1.66
Light,65,"(9, 2)","(10, 1)",28.61,400.0,0,0,0.0,28.61,400.0,0,0,0.0,28.61,400.0,0,0,0.0,0.0,0.0,0.0,0.0
Light,66,"(7, 7)","(10, 10)",89.53,1200.0,0,1,0.34,75.83,1200.0,0,1,3.81,75.83,1200.0,0,1,3.81,13.7,15.3,13.7,15.3
Light,67,"(6, 7)","(10, 10)",105.95,1400.0,0,1,12.16,84.07,1400.0,0,1,0.71,84.07,1400.0,0,1,0.71,21.88,20.65,21.88,20.65
Light,68,"(6, 8)","(10, 10)",84.33,1200.0,0,0,0.0,84.17,1200.0,0,2,10.28,82.92,1200.0,0,1,4.18,0.16,0.19,1.41,1.67
Light,69,"(3, 7)","(1, 6)",38.29,600.0,0,0,0.0,38.29,600.0,0,0,0.0,38.29,600.0,0,0,0.0,0.0,0.0,0.0,0.0
Light,70,"(0, 4)","(1, 6)",53.93,600.0,0,1,0.73,53.93,600.0,0,1,0.73,53.93,600.0,0,1,0.73,0.0,0.0,0.0,0.0
Light,71,"(5, 2)","(10, 1)",106.57,1200.0,0,2,14.82,106.57,1200.0,0,3,15.06,103.86,1200.0,0,1,1.22,0.0,0.0,2.71,2.54
Light,72,"(2, 6)","(1, 6)",20.9,200.0,0,0,0.0,20.9,200.0,0,0,0.0,20.9,200.0,0,0,0.0,0.0,0.0,0.0,0.0
Light,73,"(4, 10)","(1, 6)",117.14,1400.0,0,3,11.18,87.14,1400.0,0,1,13.37,83.05,1400.0,0,0,0.0,30.0,25.61,34.09,29.1
Light,74,"(10, 2)","(10, 1)",35.61,200.0,0,1,14.55,35.61,200.0,0,1,14.55,35.61,200.0,0,1,14.55,0.0,0.0,0.0,0.0
Light,75,"(2, 9)","(1, 6)",64.93,800.0,0,0,0.0,67.37,800.0,0,1,14.6,64.93,800.0,0,0,0.0,-2.44,-3.76,0.0,0.0
Light,76,"(0, 8)","(1, 6)",48.83,600.0,0,2,5.81,48.83,600.0,0,2,5.81,48.83,600.0,0,2,5.81,0.0,0.0,0.0,0.0
Light,77,"(3, 4)","(1, 6)",101.56,800.0,0,2,20.39,72.23,800.0,0,0,0.0,72.23,800.0,0,0,0.0,29.33,28.88,29.33,28.88
Light,78,"(3, 6)","(1, 6)",40.99,400.0,0,0,0.0,40.99,400.0,0,0,0.0,40.99,400.0,0,0,0.0,0.0,0.0,0.0,0.0
Light,79,"(7, 11)","(10, 10)",75.79,800.0,0,2,13.39,61.08,800.0,0,2,14.68,59.8,800.0,0,1,2.25,14.71,19.41,15.99,21.1
Light,80,"(6, 8)","(10, 10)",83.93,1200.0,0,1,0.16,83.93,1200.0,0,2,10.7,82.66,1200.0,0,1,4.54,0.0,0.0,1.27,1.51
Light,81,"(9, 4)","(11, 5)",74.24,600.0,0,2,19.67,59.24,600.0,0,1,9.83,74.24,600.0,0,2,19.67,15.0,20.2,0.0,0.0
Light,82,"(7, 11)","(10, 10)",75.93,800.0,0,2,13.28,61.11,800.0,0,2,14.55,60.29,800.0,0,1,2.25,14.82,19.52,15.64,20.6
Light,83,"(4, 10)","(1, 6)",117.07,1400.0,0,3,10.87,87.07,1400.0,0,1,13.62,83.28,1400.0,0,0,0.0,30.0,25.63,33.79,28.86
Light,84,"(9, 9)","(10, 10)",28.55,400.0,0,0,0.0,28.55,400.0,0,0,0.0,28.55,400.0,0,0,0.0,0.0,0.0,0.0,0.0
Light,85,"(2, 0)","(1, 6)",109.24,1400.0,0,2,3.39,103.83,1400.0,0,0,0.0,103.83,1400.0,0,0,0.0,5.41,4.95,5.41,4.95
Light,86,"(0, 3)","(1, 6)",63.55,800.0,0,0,0.0,63.55,800.0,0,0,0.0,63.55,800.0,0,0,0.0,0.0,0.0,0.0,0.0
Light,87,"(1, 0)","(1, 6)",109.16,1200.0,0,2,13.86,109.16,1200.0,0,2,13.86,109.16,1200.0,0,2,13.86,0.0,0.0,0.0,0.0
Light,88,"(8, 8)","(10, 10)",47.13,800.0,0,0,0.0,47.13,800.0,0,0,0.0,47.13,800.0,0,0,0.0,0.0,0.0,0.0,0.0
Light,89,"(5, 6)","(1, 6)",95.65,800.0,0,1,14.97,95.65,800.0,0,1,14.97,95.65,800.0,0,1,14.97,0.0,0.0,0.0,0.0
Light,90,"(1, 11)","(1, 6)",86.9,1000.0,0,2,6.87,86.9,1000.0,0,2,6.87,86.9,1000.0,0,2,6.87,0.0,0.0,0.0,0.0
Light,91,"(6, 0)","(10, 1)",76.45,1000.0,0,2,5.28,76.45,1000.0,0,3,15.6,76.45,1000.0,0,2,5.28,0.0,0.0,0.0,0.0
Light,92,"(1, 9)","(1, 6)",56.95,600.0,0,2,7.38,56.95,600.0,0,2,7.38,56.95,600.0,0,2,7.38,0.0,0.0,0.0,0.0
Light,93,"(8, 4)","(11, 5)",74.26,800.0,0,1,9.45,59.48,800.0,0,0,0.0,59.48,800.0,0,0,0.0,14.78,19.9,14.78,19.9
Light,94,"(5, 4)","(10, 1)",166.37,1600.0,0,4,42.17,106.37,1600.0,0,2,14.89,106.37,1600.0,1,2,14.89,60.0,36.06,60.0,36.06
Light,95,"(4, 6)","(1, 6)",59.96,600.0,0,0,0.0,59.96,600.0,0,0,0.0,59.96,600.0,0,0,0.0,0.0,0.0,0.0,0.0
Light,96,"(3, 7)","(1, 6)",38.69,600.0,0,0,0.0,38.69,600.0,0,0,0.0,38.69,600.0,0,0,0.0,0.0,0.0,0.0,0.0
Light,97,"(7, 6)","(11, 5)",88.85,1000.0,0,1,3.37,73.95,1000.0,0,1,4.31,72.95,1000.0,0,0,0.0,14.9,16.77,15.9,17.9
Light,98,"(4, 4)","(1, 6)",101.42,1000.0,0,1,1.58,91.47,1000.0,0,1,6.99,91.47,1000.0,0,1,6.99,9.95,9.81,9.95,9.81
Light,99,"(1, 0)","(1, 6)",108.9,1200.0,0,2,14.35,108.9,1200.0,0,2,14.35,108.9,1200.0,0,2,14.35,0.0,0.0,0.0,0.0
Moderate,0,"(4, 0)","(10, 1)",138.43,1400.0,0,1,0.43,138.43,1400.0,0,3,23.79,134.78,1400.0,0,1,1.4,0.0,0.0,3.65,2.64
Moderate,1,"(4, 4)","(1, 6)",115.94,1000.0,0,0,0.0,105.49,1000.0,0,1,4.43,105.49,1000.0,0,1,4.43,10.45,9.01,10.45,9.01
Moderate,2,"(5, 11)","(10, 10)",140.81,1200.0,0,2,20.59,100.58,1200.0,0,0,0.0,100.58,1200.0,0,0,0.0,40.23,28.57,40.23,28.57
Moderate,3,"(5, 5)","(1, 6)",115.59,1000.0,0,0,0.0,105.15,1000.0,0,0,0.0,105.15,1000.0,0,0,0.0,10.44,9.03,10.44,9.03
Moderate,4,"(9, 2)","(10, 1)",32.42,400.0,0,0,0.0,32.42,400.0,0,0,0.0,32.42,400.0,0,0,0.0,0.0,0.0,0.0,0.0
Moderate,5,"(3, 1)","(1, 6)",140.14,1400.0,0,2,14.0,140.14,1400.0,0,2,18.89,140.14,1400.0,0,2,18.89,0.0,0.0,0.0,0.0
Moderate,6,"(3, 1)","(1, 6)",140.43,1400.0,0,2,14.22,140.43,1400.0,0,2,14.22,137.59,1400.0,0,1,6.39,0.0,0.0,2.84,2.02
Moderate,7,"(9, 5)","(11, 5)",48.1,400.0,0,1,10.22,48.1,400.0,0,1,10.22,48.1,400.0,0,1,10.22,0.0,0.0,0.0,0.0
Moderate,8,"(8, 10)","(10, 10)",29.84,400.0,0,0,0.0,29.84,400.0,0,0,0.0,29.84,400.0,0,0,0.0,0.0,0.0,0.0,0.0
Moderate,9,"(0, 11)","(1, 6)",114.25,1200.0,0,2,11.03,98.29,1200.0,0,0,0.0,98.29,1200.0,0,0,0.0,15.96,13.97,15.96,13.97
Moderate,10,"(5, 4)","(10, 1)",169.31,1600.0,0,2,16.11,139.27,1600.0,0,3,30.53,139.27,1600.0,0,3,30.53,30.04,17.74,30.04,17.74
Moderate,12,"(5, 5)","(1, 6)",113.4,1000.0,0,0,0.0,104.41,1000.0,0,0,0.0,104.41,1000.0,0,0,0.0,8.99,7.93,8.99,7.93
Moderate,13,"(2, 5)","(1, 6)",43.3,400.0,0,0,0.0,37.03,400.0,0,0,0.0,37.03,400.0,0,0,0.0,6.27,14.48,6.27,14.48
Moderate,14,"(3, 8)","(1, 6)",68.07,800.0,0,0,0.0,58.98,800.0,0,1,6.41,58.98,800.0,0,1,6.41,9.09,13.35,9.09,13.35
Moderate,15,"(6, 11)","(10, 10)",93.04,1000.0,0,1,1.06,96.85,1000.0,0,2,21.34,93.04,1000.0,0,1,1.06,-3.81,-4.1,0.0,0.0
Moderate,16,"(2, 1)","(1, 6)",123.65,1200.0,0,1,9.95,139.36,1200.0,0,2,25.68,123.65,1200.0,0,1,9.95,-15.71,-12.71,0.0,0.0
Moderate,17,"(10, 3)","(11, 5)",61.46,600.0,0,2,16.82,61.46,600.0,0,2,16.82,61.46,600.0,0,2,16.82,0.0,0.0,0.0,0.0
Moderate,18,"(9, 1)","(10, 1)",18.43,200.0,0,1,5.21,18.43,200.0,0,1,5.21,18.43,200.0,0,1,5.21,0.0,0.0,0.0,0.0
Moderate,19,"(8, 7)","(10, 10)",80.28,1000.0,0,1,4.81,80.28,1000.0,0,1,4.81,80.28,1000.0,0,1,4.81,0.0,0.0,0.0,0.0
Moderate,20,"(5, 2)","(10, 1)",138.76,1200.0,0,2,23.11,108.76,1200.0,0,1,1.3,108.76,1200.0,0,1,1.3,30.0,21.62,30.0,21.62
Moderate,21,"(7, 6)","(11, 5)",138.66,1000.0,0,1,8.17,108.66,1000.0,0,2,25.88,94.0,1000.0,0,0,0.0,30.0,21.64,44.66,32.21
Moderate,22,"(7, 0)","(10, 1)",109.04,800.0,0,3,29.58,79.04,800.0,0,3,26.03,74.44,800.0,0,1,4.3,30.0,27.51,34.6,31.73
Moderate,23,"(7, 9)","(10, 10)",62.21,800.0,0,0,0.0,62.21,800.0,0,0,0.0,62.21,800.0,0,0,0.0,0.0,0.0,0.0,0.0
Moderate,24,"(1, 0)","(1, 6)",140.04,1200.0,0,2,25.47,140.04,1200.0,0,2,25.47,140.04,1200.0,0,2,25.47,0.0,0.0,0.0,0.0
Moderate,25,"(4, 11)","(1, 6)",178.85,1600.0,0,2,9.89,118.85,1600.0,0,2,14.2,118.85,1600.0,0,1,8.18,60.0,33.55,60.0,33.55
Moderate,26,"(0, 5)","(1, 6)",36.74,400.0,0,0,0.0,36.74,400.0,0,0,0.0,36.74,400.0,0,0,0.0,0.0,0.0,0.0,0.0
Moderate,27,"(5, 11)","(10, 10)",124.87,1200.0,0,1,4.67,99.63,1200.0,0,0,0.0,99.63,1200.0,0,0,0.0,25.24,20.21,25.24,20.21
Moderate,28,"(3, 11)","(1, 6)",131.73,1400.0,0,0,0.0,118.66,1400.0,0,2,15.61,118.66,1400.0,1,2,15.61,13.07,9.92,13.07,9.92
Moderate,29,"(1, 8)","(1, 6)",31.82,400.0,0,0,0.0,31.82,400.0,0,0,0.0,31.82,400.0,0,0,0.0,0.0,0.0,0.0,0.0
Moderate,30,"(1, 2)","(1, 6)",80.05,800.0,0,1,2.03,80.05,800.0,0,1,2.03,80.05,800.0,0,1,2.03,0.0,0.0,0.0,0.0
Moderate,31,"(7, 0)","(10, 1)",108.69,800.0,0,3,27.44,78.69,800.0,0,3,26.96,78.69,800.0,0,3,26.96,30.0,27.6,30.0,27.6
Moderate,32,"(2, 0)","(1, 6)",140.16,1400.0,0,2,11.57,140.16,1400.0,0,2,11.57,132.75,1400.0,0,0,0.0,0.0,0.0,7.41,5.29
Moderate,33,"(11, 1)","(10, 1)",12.93,200.0,0,0,0.0,12.93,200.0,0,0,0.0,12.93,200.0,0,0,0.0,0.0,0.0,0.0,0.0
Moderate,34,"(6, 11)","(10, 10)",94.97,1000.0,0,0,0.0,99.28,1000.0,0,2,23.78,94.97,1000.0,0,0,0.0,-4.31,-4.54,0.0,0.0
Moderate,35,"(4, 1)","(10, 1)",139.42,1200.0,0,2,22.59,139.42,1200.0,0,2,22.59,139.42,1200.0,0,2,22.59,0.0,0.0,0.0,0.0
Moderate,36,"(7, 1)","(10, 1)",79.29,600.0,0,2,22.56,79.29,600.0,0,2,22.56,79.29,600.0,0,2,22.56,0.0,0.0,0.0,0.0
Moderate,37,"(0, 3)","(1, 6)",76.24,800.0,0,0,0.0,76.24,800.0,0,0,0.0,76.24,800.0,0,0,0.0,0.0,0.0,0.0,0.0
Moderate,38,"(11, 6)","(11, 5)",24.17,200.0,0,0,0.0,24.17,200.0,0,0,0.0,24.17,200.0,0,0,0.0,0.0,0.0,0.0,0.0
Moderate,39,"(5, 9)","(1, 6)",125.97,1400.0,0,0,0.0,118.68,1400.0,0,2,26.45,118.68,1400.0,1,2,26.45,7.29,5.79,7.29,5.79
Moderate,40,"(9, 4)","(11, 5)",77.87,600.0,0,2,14.17,68.41,600.0,0,1,9.83,68.41,600.0,0,1,9.83,9.46,12.15,9.46,12.15
Moderate,41,"(0, 11)","(1, 6)",114.72,1200.0,0,2,12.07,98.73,1200.0,0,0,0.0,98.73,1200.0,0,0,0.0,15.99,13.94,15.99,13.94
Moderate,42,"(5, 10)","(10, 10)",94.67,1000.0,0,1,0.72,94.67,1000.0,0,1,0.72,94.67,1000.0,0,1,0.72,0.0,0.0,0.0,0.0
Moderate,43,"(5, 10)","(10, 10)",94.65,1000.0,0,1,0.83,94.65,1000.0,0,1,0.83,94.65,1000.0,0,1,0.83,0.0,0.0,0.0,0.0
Moderate,44,"(11, 3)","(10, 1)",71.24,600.0,0,1,9.85,52.75,600.0,0,1,3.94,52.75,600.0,0,1,3.94,18.49,25.95,18.49,25.95
Moderate,45,"(6, 10)","(10, 10)",81.21,800.0,0,1,7.66,81.21,800.0,0,1,7.66,81.21,800.0,0,1,7.66,0.0,0.0,0.0,0.0
Moderate,46,"(5, 8)","(1, 6)",101.92,1200.0,0,1,8.3,89.07,1200.0,0,2,9.36,89.07,1200.0,0,2,9.36,12.85,12.61,12.85,12.61
Moderate,47,"(3, 2)","(1, 6)",141.04,1200.0,0,2,13.46,111.04,1200.0,0,1,5.1,107.49,1200.0,0,0,0.0,30.0,21.27,33.55,23.79
Moderate,48,"(3, 11)","(1, 6)",133.05,1400.0,0,0,0.0,118.86,1400.0,0,2,13.62,114.33,1400.0,0,1,0.17,14.19,10.67,18.72,14.07
Moderate,49,"(6, 2)","(10, 1)",108.83,1000.0,0,1,4.65,108.83,1000.0,0,2,23.76,109.74,1000.0,1,1,14.17,0.0,0.0,-0.91,-0.84
Moderate,50,"(5, 3)","(10, 1)",168.82,1400.0,0,2,26.09,138.82,1400.0,0,3,23.51,138.82,1400.0,1,3,23.51,30.0,17.77,30.0,17.77
Moderate,51,"(0, 3)","(1, 6)",75.88,800.0,0,0,0.0,75.88,800.0,0,0,0.0,75.88,800.0,0,0,0.0,0.0,0.0,0.0,0.0
Moderate,52,"(9, 10)","(10, 10)",14.09,200.0,0,0,0.0,14.09,200.0,0,0,0.0,14.09,200.0,0,0,0.0,0.0,0.0,0.0,0.0
Moderate,53,"(10, 9)","(10, 10)",20.23,200.0,0,0,0.0,20.23,200.0,0,0,0.0,20.23,200.0,0,0,0.0,0.0,0.0,0.0,0.0
Moderate,54,"(1, 8)","(1, 6)",33.71,400.0,0,0,0.0,33.71,400.0,0,0,0.0,33.71,400.0,0,0,0.0,0.0,0.0,0.0,0.0
Moderate,55,"(6, 7)","(10, 10)",124.87,1400.0,0,1,7.77,110.97,1400.0,0,1,5.09,110.97,1400.0,0,1,5.09,13.9,11.13,13.9,11.13
Moderate,56,"(1, 3)","(1, 6)",62.16,600.0,0,0,0.0,62.16,600.0,0,0,0.0,62.16,600.0,0,0,0.0,0.0,0.0,0.0,0.0
Moderate,57,"(8, 0)","(10, 1)",48.92,600.0,0,1,10.05,48.92,600.0,0,1,10.05,53.19,600.0,1,0,0.0,0.0,0.0,-4.27,-8.73
Moderate,58,"(3, 4)","(1, 6)",85.03,800.0,0,0,0.0,75.8,800.0,0,0,0.0,75.8,800.0,0,0,0.0,9.23,10.85,9.23,10.85
Moderate,59,"(7, 10)","(10, 10)",61.81,600.0,0,1,12.37,61.81,600.0,0,1,12.37,61.81,600.0,0,1,12.37,0.0,0.0,0.0,0.0
Moderate,60,"(8, 8)","(10, 10)",58.71,800.0,0,0,0.0,58.71,800.0,0,0,0.0,58.71,800.0,0,0,0.0,0.0,0.0,0.0,0.0
Moderate,61,"(9, 2)","(10, 1)",34.0,400.0,0,0,0.0,34.0,400.0,0,0,0.0,34.0,400.0,0,0,0.0,0.0,0.0,0.0,0.0
Moderate,62,"(1, 3)","(1, 6)",62.96,600.0,0,0,0.0,62.96,600.0,0,0,0.0,62.96,600.0,0,0,0.0,0.0,0.0,0.0,0.0
Moderate,63,"(10, 11)","(10, 10)",25.32,200.0,0,0,0.0,25.32,200.0,0,0,0.0,25.32,200.0,0,0,0.0,0.0,0.0,0.0,0.0
Moderate,64,"(2, 9)","(1, 6)",89.32,800.0,0,2,7.2,89.32,800.0,0,2,20.84,89.32,800.0,1,2,20.84,0.0,0.0,0.0,0.0
Moderate,65,"(0, 5)","(1, 6)",35.17,400.0,0,0,0.0,35.17,400.0,0,0,0.0,35.17,400.0,0,0,0.0,0.0,0.0,0.0,0.0
Moderate,66,"(6, 7)","(10, 10)",124.9,1400.0,0,1,7.77,111.35,1400.0,0,1,5.06,111.35,1400.0,0,1,5.06,13.55,10.85,13.55,10.85
Moderate,67,"(4, 5)","(1, 6)",93.73,800.0,0,0,0.0,81.16,800.0,0,0,0.0,81.16,800.0,0,0,0.0,12.57,13.41,12.57,13.41
Moderate,68,"(9, 11)","(10, 10)",39.69,400.0,0,1,5.11,39.69,400.0,0,1,5.11,39.69,400.0,0,1,5.11,0.0,0.0,0.0,0.0
Moderate,69,"(9, 8)","(10, 10)",62.23,600.0,0,1,2.52,53.9,600.0,0,1,2.52,53.9,600.0,0,1,2.52,8.33,13.39,8.33,13.39
Moderate,70,"(3, 9)","(1, 6)",102.5,1000.0,0,0,0.0,89.14,1000.0,0,2,18.76,89.14,1000.0,1,2,18.76,13.36,13.03,13.36,13.03
Moderate,72,"(7, 7)","(10, 10)",122.89,1200.0,0,2,14.42,87.86,1200.0,0,0,0.0,87.86,1200.0,0,0,0.0,35.03,28.51,35.03,28.51
Moderate,73,"(7, 5)","(11, 5)",78.12,800.0,0,1,2.54,78.12,800.0,0,1,2.54,78.12,800.0,0,1,2.54,0.0,0.0,0.0,0.0
Moderate,75,"(3, 0)","(10, 1)",169.01,1600.0,0,2,22.56,169.01,1600.0,0,4,38.5,169.01,1600.0,1,4,38.5,0.0,0.0,0.0,0.0
Moderate,76,"(11, 2)","(10, 1)",51.22,400.0,0,0,0.0,26.97,400.0,0,0,0.0,26.97,400.0,0,0,0.0,24.25,47.34,24.25,47.34
Moderate,77,"(1, 11)","(1, 6)",118.79,1000.0,0,2,5.9,118.79,1000.0,0,2,5.9,118.79,1000.0,0,2,5.9,0.0,0.0,0.0,0.0
Moderate,78,"(0, 6)","(1, 6)",11.29,200.0,0,0,0.0,11.29,200.0,0,0,0.0,11.29,200.0,0,0,0.0,0.0,0.0,0.0,0.0
Moderate,79,"(5, 2)","(10, 1)",110.64,1200.0,0,0,0.0,110.64,1200.0,0,0,0.0,110.64,1200.0,0,0,0.0,0.0,0.0,0.0,0.0
Moderate,80,"(11, 10)","(10, 10)",13.4,200.0,0,0,0.0,13.4,200.0,0,0,0.0,13.4,200.0,0,0,0.0,0.0,0.0,0.0,0.0
Moderate,81,"(10, 8)","(10, 10)",32.69,400.0,0,0,0.0,32.69,400.0,0,0,0.0,32.69,400.0,0,0,0.0,0.0,0.0,0.0,0.0
Moderate,82,"(8, 11)","(10, 10)",59.18,600.0,0,0,0.0,47.84,600.0,0,0,0.0,47.84,600.0,0,0,0.0,11.34,19.16,11.34,19.16
Moderate,83,"(10, 8)","(10, 10)",32.94,400.0,0,0,0.0,32.94,400.0,0,0,0.0,32.94,400.0,0,0,0.0,0.0,0.0,0.0,0.0
Moderate,84,"(10, 8)","(10, 10)",32.97,400.0,0,0,0.0,32.97,400.0,0,0,0.0,32.97,400.0,0,0,0.0,0.0,0.0,0.0,0.0
Moderate,85,"(6, 2)","(10, 1)",110.04,1000.0,0,1,9.46,110.04,1000.0,0,2,14.16,110.04,1400.0,1,2,5.26,0.0,0.0,0.0,0.0
Moderate,86,"(3, 9)","(1, 6)",102.93,1000.0,0,0,0.0,88.49,1000.0,0,2,17.52,88.49,1000.0,1,2,17.52,14.44,14.03,14.44,14.03
Moderate,87,"(9, 3)","(10, 1)",79.79,600.0,0,2,21.95,79.79,600.0,0,2,21.95,79.79,600.0,0,2,21.95,0.0,0.0,0.0,0.0
Moderate,88,"(7, 11)","(10, 10)",91.65,800.0,0,2,16.08,70.54,800.0,0,2,11.69,70.54,800.0,0,2,11.69,21.11,23.03,21.11,23.03
Moderate,89,"(4, 5)","(1, 6)",93.37,800.0,0,0,0.0,81.14,800.0,0,0,0.0,81.14,800.0,0,0,0.0,12.23,13.1,12.23,13.1
Moderate,90,"(1, 1)","(1, 6)",96.0,1000.0,0,1,5.17,96.0,1000.0,0,1,5.17,96.0,1000.0,0,1,5.17,0.0,0.0,0.0,0.0
Moderate,91,"(8, 11)","(10, 10)",57.46,600.0,0,0,0.0,48.4,600.0,0,0,0.0,48.4,600.0,0,0,0.0,9.06,15.77,9.06,15.77
Moderate,92,"(3, 1)","(1, 6)",142.1,1400.0,0,2,14.91,129.28,1400.0,0,1,6.39,129.28,1400.0,1,1,6.39,12.82,9.02,12.82,9.02
Moderate,93,"(11, 2)","(10, 1)",53.77,400.0,0,0,0.0,25.98,400.0,0,0,0.0,25.98,400.0,0,0,0.0,27.79,51.68,27.79,51.68
Moderate,94,"(2, 10)","(1, 6)",118.58,1000.0,0,2,10.16,118.58,1000.0,0,2,13.31,110.26,1000.0,0,1,2.74,0.0,0.0,8.32,7.02
Moderate,95,"(1, 5)","(1, 6)",24.87,200.0,0,0,0.0,24.87,200.0,0,0,0.0,24.87,200.0,0,0,0.0,0.0,0.0,0.0,0.0
Moderate,96,"(9, 11)","(10, 10)",41.92,400.0,0,1,5.11,41.92,400.0,0,1,5.11,41.92,400.0,0,1,5.11,0.0,0.0,0.0,0.0
Moderate,97,"(1, 10)","(1, 6)",88.54,800.0,0,2,7.09,88.54,800.0,0,2,7.09,88.54,800.0,0,2,7.09,0.0,0.0,0.0,0.0
Moderate,98,"(2, 1)","(1, 6)",123.98,1200.0,0,1,10.42,126.25,1200.0,0,1,14.42,112.93,1200.0,0,0,0.0,-2.27,-1.83,11.05,8.91
Moderate,99,"(7, 2)","(10, 1)",78.62,800.0,0,1,3.5,78.62,800.0,0,2,14.88,79.82,800.0,1,1,6.4,0.0,0.0,-1.2,-1.53
Heavy,0,"(0, 6)","(1, 6)",18.55,200.0,0,0,0.0,18.55,200.0,0,0,0.0,18.55,200.0,0,0,0.0,0.0,0.0,0.0,0.0
Heavy,1,"(3, 4)","(1, 6)",144.1,800.0,0,1,12.48,132.24,800.0,0,1,12.48,130.39,800.0,0,0,0.0,11.86,8.23,13.71,9.51
Heavy,2,"(11, 11)","(10, 10)",66.82,400.0,0,0,0.0,42.49,400.0,0,1,2.21,42.49,400.0,0,1,2.21,24.33,36.41,24.33,36.41
Heavy,3,"(3, 10)","(1, 6)",196.3,1200.0,0,1,13.21,159.12,1200.0,0,1,12.52,159.12,1200.0,0,1,12.52,37.18,18.94,37.18,18.94
Heavy,4,"(5, 11)","(10, 10)",196.11,1200.0,0,1,7.34,172.93,1200.0,0,1,10.98,172.93,1200.0,0,1,10.98,23.18,11.82,23.18,11.82
Heavy,5,"(5, 2)","(10, 1)",181.97,1200.0,0,0,0.0,179.19,1200.0,0,1,7.69,179.19,1200.0,0,1,7.69,2.78,1.53,2.78,1.53
Heavy,6,"(11, 2)","(10, 1)",80.19,400.0,0,1,10.86,39.45,400.0,0,0,0.0,39.45,400.0,0,0,0.0,40.74,50.8,40.74,50.8
Heavy,7,"(2, 1)","(1, 6)",165.4,1200.0,0,0,0.0,162.49,1200.0,0,1,8.97,162.49,1200.0,0,1,8.97,2.91,1.76,2.91,1.76
Heavy,8,"(3, 4)","(1, 6)",142.84,800.0,0,1,13.05,127.41,800.0,0,1,13.05,127.41,800.0,0,1,13.05,15.43,10.8,15.43,10.8
Heavy,9,"(0, 2)","(1, 6)",161.96,1000.0,0,1,10.33,161.96,1000.0,0,1,10.33,161.96,1000.0,0,1,10.33,0.0,0.0,0.0,0.0
Heavy,10,"(11, 7)","(11, 5)",54.59,400.0,0,0,0.0,54.59,400.0,0,0,0.0,54.59,400.0,0,0,0.0,0.0,0.0,0.0,0.0
Heavy,11,"(3, 6)","(1, 6)",70.81,400.0,0,0,0.0,70.81,400.0,0,0,0.0,70.81,400.0,0,0,0.0,0.0,0.0,0.0,0.0
Heavy,12,"(11, 1)","(10, 1)",19.32,200.0,0,0,0.0,19.32,200.0,0,0,0.0,19.32,200.0,0,0,0.0,0.0,0.0,0.0,0.0
Heavy,13,"(9, 2)","(10, 1)",53.68,400.0,0,1,1.45,53.68,400.0,0,1,1.45,53.68,400.0,0,1,1.45,0.0,0.0,0.0,0.0
Heavy,14,"(5, 0)","(10, 1)",203.6,1200.0,0,2,10.96,173.6,1200.0,0,3,21.52,173.6,1200.0,0,3,21.52,30.0,14.73,30.0,14.73
Heavy,15,"(10, 4)","(11, 5)",43.85,400.0,0,0,0.0,43.85,400.0,0,0,0.0,43.85,400.0,0,0,0.0,0.0,0.0,0.0,0.0
Heavy,16,"(0, 3)","(1, 6)",130.15,800.0,0,1,11.99,130.15,800.0,0,1,11.99,130.15,800.0,0,1,11.99,0.0,0.0,0.0,0.0
Heavy,17,"(1, 0)","(1, 6)",178.65,1200.0,0,1,13.36,178.65,1200.0,0,1,13.36,178.65,1200.0,0,1,13.36,0.0,0.0,0.0,0.0
Heavy,18,"(9, 10)","(10, 10)",19.26,200.0,0,0,0.0,19.26,200.0,0,0,0.0,19.26,200.0,0,0,0.0,0.0,0.0,0.0,0.0
Heavy,19,"(5, 2)","(10, 1)",203.94,1200.0,0,2,18.9,177.25,1200.0,0,1,13.94,177.25,1200.0,0,1,13.94,26.69,13.09,26.69,13.09
Heavy,20,"(6, 9)","(10, 10)",133.93,1000.0,0,1,0.68,127.58,1000.0,0,2,11.9,127.58,1000.0,0,2,11.9,6.35,4.74,6.35,4.74
Heavy,21,"(0, 11)","(1, 6)",172.21,1200.0,0,1,2.35,158.49,1200.0,0,1,12.92,158.49,1200.0,0,1,12.92,13.72,7.97,13.72,7.97
Heavy,22,"(11, 8)","(10, 10)",72.22,600.0,0,0,0.0,72.22,600.0,0,0,0.0,72.22,600.0,0,0,0.0,0.0,0.0,0.0,0.0
Heavy,23,"(1, 7)","(1, 6)",22.24,200.0,0,0,0.0,22.24,200.0,0,0,0.0,22.24,200.0,0,0,0.0,0.0,0.0,0.0,0.0
Heavy,24,"(6, 1)","(10, 1)",143.03,800.0,0,2,17.45,143.03,800.0,0,2,17.45,143.03,800.0,0,2,17.45,0.0,0.0,0.0,0.0
Heavy,25,"(3, 9)","(1, 6)",142.27,1000.0,0,0,0.0,109.5,1000.0,0,0,0.0,109.5,1000.0,0,0,0.0,32.77,23.03,32.77,23.03
Heavy,26,"(6, 3)","(10, 1)",202.34,1200.0,0,3,20.08,142.34,1200.0,0,3,21.93,142.34,1200.0,0,3,21.93,60.0,29.65,60.0,29.65
Heavy,27,"(11, 6)","(11, 5)",35.12,200.0,0,0,0.0,35.12,200.0,0,0,0.0,35.12,200.0,0,0,0.0,0.0,0.0,0.0,0.0
Heavy,28,"(5, 11)","(10, 10)",192.21,1200.0,0,1,6.78,170.46,1200.0,0,1,12.75,170.46,1200.0,0,1,12.75,21.75,11.32,21.75,11.32
Heavy,29,"(7, 1)","(10, 1)",85.47,600.0,0,0,0.0,85.47,600.0,0,0,0.0,85.47,600.0,0,0,0.0,0.0,0.0,0.0,0.0
Heavy,30,"(1, 9)","(1, 6)",80.24,600.0,0,0,0.0,80.24,600.0,0,0,0.0,80.24,600.0,0,0,0.0,0.0,0.0,0.0,0.0
Heavy,32,"(1, 3)","(1, 6)",102.61,600.0,0,1,11.78,102.61,600.0,0,1,11.78,102.61,600.0,0,1,11.78,0.0,0.0,0.0,0.0
Heavy,33,"(1, 8)","(1, 6)",45.85,400.0,0,0,0.0,45.85,400.0,0,0,0.0,45.85,400.0,0,0,0.0,0.0,0.0,0.0,0.0
Heavy,34,"(5, 0)","(10, 1)",204.97,1200.0,0,0,0.0,143.12,1200.0,0,1,2.68,143.12,1200.0,0,1,2.68,61.85,30.18,61.85,30.18
Heavy,35,"(11, 7)","(11, 5)",53.57,400.0,0,0,0.0,53.57,400.0,0,0,0.0,53.57,400.0,0,0,0.0,0.0,0.0,0.0,0.0
Heavy,36,"(7, 1)","(10, 1)",90.29,600.0,0,0,0.0,90.29,600.0,0,0,0.0,90.29,600.0,0,0,0.0,0.0,0.0,0.0,0.0
Heavy,37,"(11, 2)","(10, 1)",87.82,400.0,0,1,8.91,37.86,400.0,0,0,0.0,37.86,400.0,0,0,0.0,49.96,56.89,49.96,56.89
Heavy,38,"(9, 7)","(11, 5)",131.35,800.0,0,1,1.81,90.37,800.0,0,0,0.0,90.37,800.0,0,0,0.0,40.98,31.2,40.98,31.2
Heavy,39,"(5, 7)","(1, 6)",159.91,1000.0,0,2,20.57,159.91,1000.0,0,2,20.57,159.91,1000.0,0,2,20.57,0.0,0.0,0.0,0.0
Heavy,40,"(9, 5)","(11, 5)",68.0,400.0,0,1,10.22,68.0,400.0,0,1,10.22,68.0,400.0,0,1,10.22,0.0,0.0,0.0,0.0
Heavy,41,"(0, 2)","(1, 6)",151.76,1000.0,0,1,14.09,151.76,1000.0,0,1,14.09,151.76,1000.0,0,1,14.09,0.0,0.0,0.0,0.0
Heavy,42,"(1, 3)","(1, 6)",97.88,600.0,0,1,11.29,97.88,600.0,0,1,11.29,97.88,600.0,0,1,11.29,0.0,0.0,0.0,0.0
Heavy,43,"(9, 11)","(10, 10)",52.89,400.0,0,1,5.11,52.89,400.0,0,1,5.11,52.89,400.0,0,1,5.11,0.0,0.0,0.0,0.0
Heavy,44,"(9, 6)","(11, 5)",94.15,600.0,0,1,7.2,78.03,600.0,0,0,0.0,78.03,600.0,0,0,0.0,16.12,17.12,16.12,17.12
Heavy,45,"(2, 9)","(1, 6)",107.59,800.0,0,0,0.0,107.53,800.0,0,0,0.0,107.53,800.0,0,0,0.0,0.06,0.06,0.06,0.06
Heavy,46,"(6, 4)","(10, 1)",233.12,1400.0,0,3,21.52,173.12,1400.0,0,2,20.06,173.12,1400.0,1,2,20.06,60.0,25.74,60.0,25.74
Heavy,47,"(7, 3)","(10, 1)",203.41,1000.0,0,2,14.25,91.12,1000.0,0,0,0.0,91.12,1000.0,0,0,0.0,112.29,55.2,112.29,55.2
Heavy,48,"(10, 4)","(11, 5)",39.06,400.0,0,0,0.0,39.06,400.0,0,0,0.0,39.06,400.0,0,0,0.0,0.0,0.0,0.0,0.0
Heavy,49,"(7, 2)","(10, 1)",151.28,800.0,0,0,0.0,84.83,800.0,0,1,5.28,84.83,800.0,0,1,5.28,66.45,43.93,66.45,43.93
Heavy,50,"(4, 11)","(1, 6)",219.99,1600.0,0,1,10.45,157.19,1600.0,0,2,6.09,157.19,1600.0,0,2,6.09,62.8,28.55,62.8,28.55
Heavy,51,"(4, 5)","(1, 6)",170.59,800.0,0,0,0.0,141.21,800.0,0,0,0.0,141.21,800.0,0,0,0.0,29.38,17.22,29.38,17.22
Heavy,52,"(5, 1)","(10, 1)",149.54,1000.0,0,0,0.0,149.54,1000.0,0,0,0.0,149.54,1000.0,0,0,0.0,0.0,0.0,0.0,0.0
Heavy,53,"(7, 9)","(10, 10)",97.14,800.0,0,1,6.68,97.14,800.0,0,1,6.68,97.14,800.0,0,1,6.68,0.0,0.0,0.0,0.0
Heavy,54,"(10, 4)","(11, 5)",41.02,400.0,0,0,0.0,41.02,400.0,0,0,0.0,41.02,400.0,0,0,0.0,0.0,0.0,0.0,0.0
Heavy,55,"(5, 5)","(11, 5)",164.51,1200.0,0,0,0.0,164.51,1200.0,0,0,0.0,164.51,1200.0,0,0,0.0,0.0,0.0,0.0,0.0
Heavy,56,"(2, 11)","(1, 6)",162.07,1200.0,0,1,9.37,162.07,1200.0,0,1,9.37,162.07,1200.0,0,1,9.37,0.0,0.0,0.0,0.0
Heavy,57,"(2, 10)","(1, 6)",188.31,1000.0,0,1,13.82,158.31,1400.0,0,1,2.5,158.31,1400.0,0,1,2.5,30.0,15.93,30.0,15.93
Heavy,58,"(8, 11)","(10, 10)",97.29,600.0,0,1,5.49,82.68,600.0,0,1,7.75,82.68,600.0,0,1,7.75,14.61,15.02,14.61,15.02
Heavy,59,"(9, 9)","(10, 10)",48.07,400.0,0,0,0.0,48.07,400.0,0,0,0.0,48.07,400.0,0,0,0.0,0.0,0.0,0.0,0.0
Heavy,60,"(1, 3)","(1, 6)",101.87,600.0,0,1,11.93,101.87,600.0,0,1,11.93,101.87,600.0,0,1,11.93,0.0,0.0,0.0,0.0
Heavy,61,"(0, 9)","(1, 6)",116.61,800.0,0,0,0.0,108.87,800.0,0,1,6.41,108.87,800.0,0,1,6.41,7.74,6.64,7.74,6.64
Heavy,62,"(7, 1)","(10, 1)",114.52,600.0,0,2,16.74,114.52,600.0,0,2,16.74,114.52,600.0,0,2,16.74,0.0,0.0,0.0,0.0
Heavy,63,"(1, 9)","(1, 6)",86.62,600.0,0,0,0.0,86.62,600.0,0,0,0.0,86.62,600.0,0,0,0.0,0.0,0.0,0.0,0.0
Heavy,64,"(9, 10)","(10, 10)",17.98,200.0,0,0,0.0,17.98,200.0,0,0,0.0,17.98,200.0,0,0,0.0,0.0,0.0,0.0,0.0
Heavy,65,"(3, 8)","(1, 6)",111.06,800.0,0,1,3.34,76.77,800.0,0,0,0.0,76.77,800.0,0,0,0.0,34.29,30.88,34.29,30.88
Heavy,66,"(1, 8)","(1, 6)",56.57,400.0,0,0,0.0,56.57,400.0,0,0,0.0,56.57,400.0,0,0,0.0,0.0,0.0,0.0,0.0
Heavy,67,"(11, 0)","(10, 1)",62.73,400.0,0,1,6.84,62.73,400.0,0,1,6.84,62.73,400.0,0,1,6.84,0.0,0.0,0.0,0.0
Heavy,68,"(1, 11)","(1, 6)",143.42,1000.0,0,0,0.0,143.42,1000.0,0,0,0.0,143.42,1000.0,0,0,0.0,0.0,0.0,0.0,0.0
Heavy,69,"(3, 4)","(1, 6)",139.89,800.0,0,0,0.0,115.71,800.0,0,0,0.0,115.71,800.0,0,0,0.0,24.18,17.29,24.18,17.29
Heavy,70,"(1, 10)","(1, 6)",120.79,800.0,0,0,0.0,120.79,800.0,0,0,0.0,120.79,800.0,0,0,0.0,0.0,0.0,0.0,0.0
Heavy,71,"(1, 4)","(1, 6)",70.82,400.0,0,1,0.88,70.82,400.0,0,1,0.88,70.82,400.0,0,1,0.88,0.0,0.0,0.0,0.0
Heavy,72,"(0, 3)","(1, 6)",123.56,800.0,0,1,8.26,123.56,800.0,0,1,8.26,123.56,800.0,0,1,8.26,0.0,0.0,0.0,0.0
Heavy,73,"(0, 7)","(1, 6)",64.57,400.0,0,0,0.0,64.57,400.0,0,0,0.0,64.57,400.0,0,0,0.0,0.0,0.0,0.0,0.0
Heavy,74,"(2, 1)","(1, 6)",160.43,1200.0,0,1,1.55,164.3,1200.0,0,1,5.55,160.43,1200.0,0,1,1.55,-3.87,-2.41,0.0,0.0
Heavy,75,"(0, 7)","(1, 6)",67.97,400.0,0,0,0.0,67.97,400.0,0,0,0.0,67.97,400.0,0,0,0.0,0.0,0.0,0.0,0.0
Heavy,76,"(7, 1)","(10, 1)",88.05,600.0,0,0,0.0,88.05,600.0,0,0,0.0,88.05,600.0,0,0,0.0,0.0,0.0,0.0,0.0
Heavy,77,"(8, 2)","(10, 1)",58.39,600.0,0,1,1.24,58.39,600.0,0,1,1.24,58.39,600.0,0,1,1.24,0.0,0.0,0.0,0.0
Heavy,78,"(4, 8)","(1, 6)",147.48,1000.0,0,1,12.58,110.01,1000.0,0,1,3.1,110.01,1000.0,0,1,3.1,37.47,25.41,37.47,25.41
Heavy,79,"(3, 9)","(1, 6)",145.43,1000.0,0,1,2.36,108.92,1000.0,0,1,4.11,108.92,1000.0,0,1,4.11,36.51,25.1,36.51,25.1
Heavy,80,"(6, 0)","(10, 1)",150.35,1000.0,0,1,1.14,117.13,1000.0,0,2,2.54,117.13,1000.0,0,2,2.54,33.22,22.1,33.22,22.1
Heavy,81,"(10, 6)","(11, 5)",45.47,400.0,0,0,0.0,45.47,400.0,0,0,0.0,45.47,400.0,0,0,0.0,0.0,0.0,0.0,0.0
Heavy,82,"(10, 2)","(10, 1)",55.79,200.0,0,1,14.55,55.79,200.0,0,1,14.55,55.79,200.0,0,1,14.55,0.0,0.0,0.0,0.0
Heavy,83,"(0, 6)","(1, 6)",19.76,200.0,0,0,0.0,19.76,200.0,0,0,0.0,19.76,200.0,0,0,0.0,0.0,0.0,0.0,0.0
Heavy,84,"(2, 2)","(1, 6)",139.25,1000.0,0,0,0.0,139.25,1000.0,0,0,0.0,139.25,1000.0,0,0,0.0,0.0,0.0,0.0,0.0
Heavy,85,"(2, 10)","(1, 6)",173.07,1000.0,0,1,9.27,164.8,1400.0,0,1,6.87,164.8,1400.0,0,1,6.87,8.27,4.78,8.27,4.78
Heavy,86,"(2, 11)","(1, 6)",173.75,1200.0,0,1,10.45,173.75,1200.0,0,1,10.45,173.75,1200.0,0,1,10.45,0.0,0.0,0.0,0.0
Heavy,87,"(6, 10)","(10, 10)",124.64,800.0,0,2,20.43,124.64,800.0,0,2,20.43,124.64,800.0,0,2,20.43,0.0,0.0,0.0,0.0
Heavy,88,"(4, 11)","(1, 6)",233.46,1600.0,0,1,13.6,164.7,1600.0,0,2,13.56,164.7,1600.0,0,2,13.56,68.76,29.45,68.76,29.45
Heavy,89,"(0, 7)","(1, 6)",74.16,400.0,0,0,0.0,74.56,400.0,0,1,12.64,74.16,400.0,0,0,0.0,-0.4,-0.54,0.0,0.0
Heavy,90,"(4, 5)","(1, 6)",173.41,800.0,0,0,0.0,128.39,800.0,0,0,0.0,128.39,800.0,0,0,0.0,45.02,25.96,45.02,25.96
Heavy,91,"(6, 3)","(10, 1)",207.42,1200.0,0,3,12.38,125.19,1200.0,0,1,0.92,125.19,1200.0,0,1,0.92,82.23,39.64,82.23,39.64
Heavy,92,"(1, 2)","(1, 6)",117.84,800.0,0,0,0.0,117.84,800.0,0,0,0.0,117.84,800.0,0,0,0.0,0.0,0.0,0.0,0.0
Heavy,93,"(10, 0)","(10, 1)",29.81,200.0,0,0,0.0,29.81,200.0,0,0,0.0,29.81,200.0,0,0,0.0,0.0,0.0,0.0,0.0
Heavy,94,"(0, 7)","(1, 6)",76.3,400.0,0,0,0.0,74.16,400.0,0,1,11.74,74.16,400.0,0,1,11.74,2.14,2.8,2.14,2.8
Heavy,95,"(11, 1)","(10, 1)",18.71,200.0,0,0,0.0,18.71,200.0,0,0,0.0,18.71,200.0,0,0,0.0,0.0,0.0,0.0,0.0
Heavy,96,"(1, 2)","(1, 6)",118.11,800.0,0,0,0.0,118.11,800.0,0,0,0.0,118.11,800.0,0,0,0.0,0.0,0.0,0.0,0.0
Heavy,98,"(9, 7)","(11, 5)",142.08,800.0,0,1,9.65,101.67,800.0,0,1,8.69,101.67,800.0,1,1,8.69,40.41,28.44,40.41,28.44
Heavy,99,"(2, 10)","(1, 6)",173.17,1000.0,0,1,2.17,163.23,1000.0,0,1,8.64,163.23,1000.0,0,1,8.64,9.94,5.74,9.94,5.74
Gridlock,0,"(9, 7)","(11, 5)",240.1,800.0,0,0,0.0,180.22,800.0,0,0,0.0,180.22,800.0,0,0,0.0,59.88,24.94,59.88,24.94
Gridlock,1,"(9, 4)","(11, 5)",175.83,600.0,0,1,9.83,175.22,600.0,0,2,21.94,175.22,600.0,0,2,21.94,0.61,0.35,0.61,0.35
Gridlock,2,"(7, 8)","(10, 10)",244.17,1000.0,0,0,0.0,235.81,1000.0,0,1,4.4,235.81,1000.0,0,1,4.4,8.36,3.42,8.36,3.42
Gridlock,3,"(9, 4)","(11, 5)",181.56,600.0,0,1,9.83,175.04,600.0,0,2,20.03,175.04,600.0,0,2,20.03,6.52,3.59,6.52,3.59
Gridlock,4,"(1, 7)","(1, 6)",34.86,200.0,0,0,0.0,34.86,200.0,0,0,0.0,34.86,200.0,0,0,0.0,0.0,0.0,0.0,0.0
Gridlock,5,"(6, 5)","(11, 5)",258.93,1000.0,0,1,8.26,258.93,1000.0,0,1,8.26,258.93,1000.0,0,1,8.26,0.0,0.0,0.0,0.0
Gridlock,6,"(6, 2)","(10, 1)",294.32,1000.0,0,0,0.0,228.4,1000.0,0,2,13.76,228.4,1000.0,0,2,13.76,65.92,22.4,65.92,22.4
Gridlock,7,"(10, 3)","(11, 5)",121.81,600.0,0,1,1.92,121.81,600.0,0,1,1.92,121.81,600.0,0,1,1.92,0.0,0.0,0.0,0.0
Gridlock,8,"(5, 6)","(1, 6)",312.48,800.0,0,1,14.97,332.62,1200.0,0,4,49.76,312.48,800.0,0,1,14.97,-20.14,-6.45,0.0,0.0
Gridlock,9,"(4, 7)","(1, 6)",183.0,800.0,0,1,5.61,183.0,800.0,0,1,5.61,183.0,800.0,0,1,5.61,0.0,0.0,0.0,0.0
Gridlock,10,"(7, 8)","(10, 10)",247.06,1000.0,0,1,4.33,235.53,1000.0,0,1,5.87,235.53,1000.0,0,1,5.87,11.53,4.67,11.53,4.67
Gridlock,11,"(3, 2)","(1, 6)",369.38,1200.0,0,1,3.92,300.7,1200.0,0,0,0.0,300.7,1200.0,0,0,0.0,68.68,18.59,68.68,18.59
Gridlock,12,"(1, 8)","(1, 6)",78.61,400.0,0,1,0.54,78.61,400.0,0,1,0.54,78.61,400.0,0,1,0.54,0.0,0.0,0.0,0.0
Gridlock,13,"(5, 8)","(1, 6)",257.95,1200.0,0,1,3.42,199.5,1200.0,0,0,0.0,199.5,1200.0,0,0,0.0,58.45,22.66,58.45,22.66
Gridlock,14,"(5, 0)","(10, 1)",341.99,1200.0,0,1,11.34,258.15,1200.0,0,3,13.08,258.15,1200.0,0,3,13.08,83.84,24.52,83.84,24.52
Gridlock,15,"(2, 9)","(1, 6)",198.68,800.0,0,2,14.05,171.24,800.0,0,0,0.0,171.24,800.0,0,0,0.0,27.44,13.81,27.44,13.81
Gridlock,16,"(4, 4)","(1, 6)",334.96,1000.0,0,1,3.89,302.37,1400.0,0,0,0.0,302.37,1400.0,0,0,0.0,32.59,9.73,32.59,9.73
Gridlock,17,"(4, 4)","(1, 6)",336.12,1000.0,0,1,1.71,300.46,1400.0,0,0,0.0,300.46,1400.0,0,0,0.0,35.66,10.61,35.66,10.61
Gridlock,18,"(3, 11)","(1, 6)",349.42,1400.0,0,2,12.17,319.42,1800.0,0,3,15.34,319.42,1800.0,0,3,15.34,30.0,8.59,30.0,8.59
Gridlock,19,"(4, 6)","(1, 6)",226.05,600.0,0,0,0.0,237.16,1000.0,0,2,21.38,226.05,600.0,0,0,0.0,-11.11,-4.91,0.0,0.0
Gridlock,20,"(8, 2)","(10, 1)",106.66,600.0,0,2,10.23,106.66,600.0,0,2,10.23,106.66,600.0,0,2,10.23,0.0,0.0,0.0,0.0
Gridlock,21,"(3, 6)","(1, 6)",158.5,400.0,0,0,0.0,168.5,800.0,0,1,13.84,158.5,400.0,0,0,0.0,-10.0,-6.31,0.0,0.0
Gridlock,22,"(11, 4)","(11, 5)",70.43,200.0,0,1,1.9,70.43,200.0,0,1,1.9,70.43,200.0,0,1,1.9,0.0,0.0,0.0,0.0
Gridlock,23,"(10, 11)","(10, 10)",79.3,200.0,0,0,0.0,79.3,200.0,0,0,0.0,79.3,200.0,0,0,0.0,0.0,0.0,0.0,0.0
Gridlock,24,"(5, 9)","(1, 6)",317.39,1400.0,0,2,5.19,257.39,1400.0,0,3,24.66,257.39,1400.0,0,3,24.66,60.0,18.9,60.0,18.9
Gridlock,25,"(3, 11)","(1, 6)",347.33,1400.0,0,1,2.27,317.33,1400.0,0,2,18.34,317.33,1400.0,0,2,18.34,30.0,8.64,30.0,8.64
Gridlock,26,"(6, 5)","(11, 5)",270.57,1000.0,0,1,12.11,270.57,1000.0,0,1,12.11,270.57,1000.0,0,1,12.11,0.0,0.0,0.0,0.0
Gridlock,27,"(10, 2)","(10, 1)",87.6,200.0,0,1,14.55,87.6,200.0,0,1,14.55,87.6,200.0,0,1,14.55,0.0,0.0,0.0,0.0
Gridlock,28,"(7, 9)","(10, 10)",191.54,800.0,0,1,12.54,191.54,800.0,0,1,12.54,191.54,800.0,0,1,12.54,0.0,0.0,0.0,0.0
Gridlock,29,"(9, 7)","(11, 5)",265.1,800.0,0,0,0.0,179.98,800.0,0,0,0.0,179.98,800.0,0,0,0.0,85.12,32.11,85.12,32.11
Gridlock,30,"(6, 4)","(10, 1)",382.0,1400.0,0,2,15.0,292.0,1400.0,0,2,22.69,292.0,1400.0,0,2,22.69,90.0,23.56,90.0,23.56
Gridlock,31,"(7, 7)","(10, 10)",313.98,1200.0,0,2,18.82,267.8,1200.0,0,0,0.0,267.8,1200.0,0,0,0.0,46.18,14.71,46.18,14.71
Gridlock,32,"(3, 5)","(1, 6)",218.15,600.0,0,0,0.0,177.92,1000.0,0,0,0.0,177.92,1000.0,0,0,0.0,40.23,18.44,40.23,18.44
Gridlock,33,"(8, 9)","(10, 10)",146.25,600.0,0,0,0.0,145.55,600.0,0,0,0.0,145.55,600.0,0,0,0.0,0.7,0.48,0.7,0.48
Gridlock,34,"(2, 5)","(1, 6)",145.28,400.0,0,0,0.0,120.91,400.0,0,0,0.0,120.91,400.0,0,0,0.0,24.37,16.77,24.37,16.77
Gridlock,35,"(8, 4)","(11, 5)",187.68,800.0,0,0,0.0,187.68,800.0,0,0,0.0,187.68,800.0,0,0,0.0,0.0,0.0,0.0,0.0
Gridlock,36,"(10, 3)","(11, 5)",127.77,600.0,0,1,1.92,127.77,600.0,0,1,1.92,127.77,600.0,0,1,1.92,0.0,0.0,0.0,0.0
Gridlock,37,"(1, 7)","(1, 6)",26.65,200.0,0,0,0.0,26.65,200.0,0,0,0.0,26.65,200.0,0,0,0.0,0.0,0.0,0.0,0.0
Gridlock,38,"(7, 4)","(10, 1)",350.9,1200.0,0,1,3.09,231.99,1200.0,0,0,0.0,231.99,1200.0,0,0,0.0,118.91,33.89,118.91,33.89
Gridlock,39,"(1, 1)","(1, 6)",257.54,1000.0,0,1,5.17,257.54,1000.0,0,1,5.17,257.54,1000.0,0,1,5.17,0.0,0.0,0.0,0.0
Gridlock,40,"(8, 8)","(10, 10)",176.56,800.0,0,0,0.0,176.56,800.0,0,0,0.0,176.56,800.0,0,0,0.0,0.0,0.0,0.0,0.0
Gridlock,41,"(1, 0)","(1, 6)",344.93,1200.0,0,2,24.07,344.93,1200.0,0,2,24.07,344.93,1200.0,0,2,24.07,0.0,0.0,0.0,0.0
Gridlock,42,"(11, 2)","(10, 1)",157.21,400.0,0,0,0.0,70.37,400.0,0,0,0.0,70.37,400.0,0,0,0.0,86.84,55.24,86.84,55.24
Gridlock,43,"(1, 7)","(1, 6)",27.51,200.0,0,0,0.0,27.51,200.0,0,0,0.0,27.51,200.0,0,0,0.0,0.0,0.0,0.0,0.0
Gridlock,44,"(11, 6)","(11, 5)",68.74,200.0,0,0,0.0,68.74,200.0,0,0,0.0,68.74,200.0,0,0,0.0,0.0,0.0,0.0,0.0
Gridlock,45,"(9, 7)","(10, 10)",207.08,800.0,0,1,11.27,166.29,800.0,0,0,0.0,166.29,800.0,0,0,0.0,40.79,19.7,40.79,19.7
Gridlock,46,"(7, 1)","(10, 1)",137.4,600.0,0,1,11.17,137.4,600.0,0,1,11.17,137.4,600.0,0,1,11.17,0.0,0.0,0.0,0.0
Gridlock,47,"(9, 4)","(11, 5)",177.83,600.0,0,1,9.83,152.14,600.0,0,1,9.83,152.14,600.0,0,1,9.83,25.69,14.45,25.69,14.45
Gridlock,48,"(9, 6)","(11, 5)",173.73,600.0,0,0,0.0,147.21,600.0,0,0,0.0,147.21,600.0,0,0,0.0,26.52,15.27,26.52,15.27
Gridlock,49,"(11, 4)","(11, 5)",65.09,200.0,0,1,1.9,65.09,200.0,0,1,1.9,65.09,200.0,0,1,1.9,0.0,0.0,0.0,0.0
Gridlock,50,"(3, 0)","(10, 1)",440.41,1600.0,0,1,4.21,350.41,1600.0,0,3,13.51,350.41,1600.0,0,3,13.51,90.0,20.44,90.0,20.44
Gridlock,51,"(7, 0)","(10, 1)",223.89,800.0,0,2,15.65,140.59,800.0,0,2,9.47,140.59,800.0,0,2,9.47,83.3,37.21,83.3,37.21
Gridlock,52,"(1, 1)","(1, 6)",253.35,1000.0,0,1,5.17,253.35,1000.0,0,1,5.17,253.35,1000.0,0,1,5.17,0.0,0.0,0.0,0.0
Gridlock,53,"(7, 4)","(10, 1)",351.35,1200.0,0,1,8.37,231.35,1200.0,0,1,4.95,231.35,1200.0,0,1,4.95,120.0,34.15,120.0,34.15
Gridlock,54,"(2, 0)","(1, 6)",349.01,1400.0,0,1,8.17,349.01,1400.0,0,1,8.17,349.01,1400.0,0,1,8.17,0.0,0.0,0.0,0.0
Gridlock,55,"(6, 9)","(10, 10)",271.41,1000.0,0,3,15.86,241.41,1000.0,0,2,11.9,240.64,1000.0,0,0,0.0,30.0,11.05,30.77,11.34
Gridlock,56,"(6, 10)","(10, 10)",222.06,800.0,0,0,0.0,222.06,800.0,0,0,0.0,222.06,800.0,0,0,0.0,0.0,0.0,0.0,0.0
Gridlock,57,"(5, 7)","(1, 6)",231.56,1000.0,0,1,9.11,231.56,1000.0,0,1,9.11,231.56,1000.0,0,1,9.11,0.0,0.0,0.0,0.0
Gridlock,58,"(6, 3)","(10, 1)",317.09,1200.0,0,2,15.65,232.86,1200.0,0,2,9.14,232.86,1200.0,0,2,9.14,84.23,26.56,84.23,26.56
Gridlock,59,"(9, 2)","(10, 1)",81.34,400.0,0,0,0.0,81.34,400.0,0,0,0.0,81.34,400.0,0,0,0.0,0.0,0.0,0.0,0.0
Gridlock,60,"(9, 7)","(11, 5)",254.2,800.0,0,1,8.94,166.94,800.0,0,0,0.0,166.94,800.0,0,0,0.0,87.26,34.33,87.26,34.33
Gridlock,61,"(5, 10)","(10, 10)",270.91,1000.0,0,2,6.65,270.91,1000.0,0,2,6.65,270.91,1000.0,0,2,6.65,0.0,0.0,0.0,0.0
Gridlock,62,"(7, 2)","(10, 1)",234.93,800.0,0,1,13.02,174.93,800.0,0,2,21.69,174.93,800.0,0,2,21.69,60.0,25.54,60.0,25.54
Gridlock,63,"(11, 2)","(10, 1)",177.53,400.0,0,0,0.0,78.88,400.0,0,0,0.0,78.88,400.0,0,0,0.0,98.65,55.57,98.65,55.57
Gridlock,64,"(1, 5)","(1, 6)",60.54,200.0,0,0,0.0,60.54,200.0,0,0,0.0,60.54,200.0,0,0,0.0,0.0,0.0,0.0,0.0
Gridlock,65,"(1, 4)","(1, 6)",149.49,400.0,0,1,0.88,149.49,400.0,0,1,0.88,149.49,400.0,0,1,0.88,0.0,0.0,0.0,0.0
Gridlock,66,"(1, 0)","(1, 6)",331.81,1200.0,0,2,23.91,331.81,1200.0,0,2,23.91,331.81,1200.0,0,2,23.91,0.0,0.0,0.0,0.0
Gridlock,67,"(7, 10)","(10, 10)",179.24,600.0,0,2,15.99,179.24,600.0,0,2,15.99,179.24,600.0,0,2,15.99,0.0,0.0,0.0,0.0
Gridlock,68,"(5, 0)","(10, 1)",355.99,1200.0,0,0,0.0,265.25,1200.0,0,3,22.86,265.25,1200.0,0,3,22.86,90.74,25.49,90.74,25.49
Gridlock,69,"(9, 3)","(10, 1)",148.37,600.0,0,1,13.38,148.37,600.0,0,1,13.38,148.37,600.0,0,1,13.38,0.0,0.0,0.0,0.0
Gridlock,70,"(8, 0)","(10, 1)",112.45,600.0,0,1,13.04,112.45,600.0,0,1,13.04,112.45,600.0,0,1,13.04,0.0,0.0,0.0,0.0
Gridlock,71,"(4, 0)","(10, 1)",383.04,1400.0,0,1,14.24,323.04,1400.0,0,3,19.17,323.04,1400.0,0,3,19.17,60.0,15.66,60.0,15.66
Gridlock,72,"(10, 9)","(10, 10)",46.2,200.0,0,0,0.0,46.2,200.0,0,0,0.0,46.2,200.0,0,0,0.0,0.0,0.0,0.0,0.0
Gridlock,73,"(9, 1)","(10, 1)",49.29,200.0,0,1,5.21,49.29,200.0,0,1,5.21,49.29,200.0,0,1,5.21,0.0,0.0,0.0,0.0
Gridlock,74,"(3, 2)","(1, 6)",335.94,1200.0,0,0,0.0,295.39,1200.0,0,1,12.83,295.39,1200.0,0,1,12.83,40.55,12.07,40.55,12.07
Gridlock,75,"(4, 4)","(1, 6)",298.13,1000.0,0,2,6.72,285.33,1400.0,0,1,14.85,282.52,1000.0,0,0,0.0,12.8,4.29,15.61,5.24
Gridlock,76,"(3, 9)","(1, 6)",239.33,1000.0,0,0,0.0,194.72,1000.0,0,1,4.53,194.72,1000.0,0,1,4.53,44.61,18.64,44.61,18.64
Gridlock,77,"(1, 10)","(1, 6)",229.95,800.0,0,1,6.44,229.95,800.0,0,1,6.44,229.95,800.0,0,1,6.44,0.0,0.0,0.0,0.0
Gridlock,78,"(1, 9)","(1, 6)",139.19,600.0,0,1,1.01,139.19,600.0,0,1,1.01,139.19,600.0,0,1,1.01,0.0,0.0,0.0,0.0
Gridlock,79,"(11, 2)","(10, 1)",177.35,400.0,0,0,0.0,76.01,400.0,0,0,0.0,76.01,400.0,0,0,0.0,101.34,57.14,101.34,57.14
Gridlock,80,"(5, 3)","(10, 1)",405.62,1400.0,0,1,13.67,285.62,1400.0,0,2,15.51,285.62,1400.0,0,2,15.51,120.0,29.58,120.0,29.58
Gridlock,81,"(4, 7)","(1, 6)",163.82,800.0,0,0,0.0,163.82,800.0,0,0,0.0,163.82,800.0,0,0,0.0,0.0,0.0,0.0,0.0
Gridlock,82,"(8, 9)","(10, 10)",159.15,600.0,0,0,0.0,144.79,600.0,0,1,10.86,144.79,600.0,0,1,10.86,14.36,9.02,14.36,9.02
Gridlock,83,"(6, 7)","(1, 6)",314.57,1200.0,0,3,8.37,267.54,1600.0,0,2,16.14,267.54,1600.0,0,2,16.14,47.03,14.95,47.03,14.95
Gridlock,84,"(11, 2)","(10, 1)",192.46,400.0,0,0,0.0,71.05,400.0,0,0,0.0,71.05,400.0,0,0,0.0,121.41,63.08,121.41,63.08
Gridlock,85,"(9, 4)","(11, 5)",171.93,600.0,0,1,9.83,168.2,600.0,0,2,23.58,168.2,600.0,1,2,23.58,3.73,2.17,3.73,2.17
Gridlock,86,"(5, 9)","(1, 6)",329.02,1400.0,0,1,9.72,238.35,1400.0,0,2,26.05,238.35,1400.0,0,2,26.05,90.67,27.56,90.67,27.56
Gridlock,87,"(4, 6)","(1, 6)",258.23,600.0,0,0,0.0,226.3,1000.0,0,1,0.99,226.3,1000.0,0,1,0.99,31.93,12.36,31.93,12.36
Gridlock,88,"(11, 10)","(10, 10)",35.27,200.0,0,0,0.0,35.27,200.0,0,0,0.0,35.27,200.0,0,0,0.0,0.0,0.0,0.0,0.0
Gridlock,89,"(8, 7)","(11, 5)",233.86,1000.0,0,1,13.49,200.93,1000.0,0,0,0.0,200.93,1000.0,0,0,0.0,32.93,14.08,32.93,14.08
Gridlock,90,"(11, 4)","(11, 5)",53.74,200.0,0,1,1.9,53.74,200.0,0,1,1.9,53.74,200.0,0,1,1.9,0.0,0.0,0.0,0.0
Gridlock,91,"(1, 5)","(1, 6)",62.25,200.0,0,0,0.0,62.25,200.0,0,0,0.0,62.25,200.0,0,0,0.0,0.0,0.0,0.0,0.0
Gridlock,92,"(10, 2)","(10, 1)",91.37,200.0,0,1,14.55,91.37,200.0,0,1,14.55,91.37,200.0,0,1,14.55,0.0,0.0,0.0,0.0
Gridlock,93,"(7, 7)","(10, 10)",324.09,1200.0,0,3,15.03,247.76,1200.0,0,0,0.0,247.76,1200.0,0,0,0.0,76.33,23.55,76.33,23.55
Gridlock,94,"(1, 5)","(1, 6)",60.73,200.0,0,0,0.0,60.73,200.0,0,0,0.0,60.73,200.0,0,0,0.0,0.0,0.0,0.0,0.0
Gridlock,95,"(7, 0)","(10, 1)",227.33,800.0,0,1,4.3,128.03,800.0,0,2,14.09,128.03,800.0,0,2,14.09,99.3,43.68,99.3,43.68
Gridlock,96,"(8, 2)","(10, 1)",97.01,600.0,0,2,8.81,97.01,600.0,0,2,8.81,97.01,600.0,0,2,8.81,0.0,0.0,0.0,0.0
Gridlock,97,"(0, 1)","(1, 6)",279.28,1200.0,0,0,0.0,279.28,1200.0,0,0,0.0,279.28,1200.0,0,0,0.0,0.0,0.0,0.0,0.0
Gridlock,98,"(5, 5)","(11, 5)",330.91,1200.0,0,1,2.12,330.91,1200.0,0,1,2.12,330.91,1200.0,0,1,2.12,0.0,0.0,0.0,0.0
Gridlock,99,"(9, 10)","(10, 10)",42.73,200.0,0,0,0.0,42.73,200.0,0,0,0.0,42.73,200.0,0,0,0.0,0.0,0.0,0.0,0.0
